{
  "properties": {
    "connectionReferences": {
      "shared_commondataserviceforapps_3": {
        "api": {
          "name": "shared_commondataserviceforapps"
        },
        "connection": {
          "connectionReferenceLogicalName": "wd_Dataverse"
        },
        "runtimeSource": "embedded"
      },
      "shared_autoreview": {
        "api": {
          "name": "shared_autoreview"
        },
        "connection": {
          "connectionReferenceLogicalName": "wd_sharedautoreview_5b195"
        },
        "runtimeSource": "invoker"
      },
      "shared_flowmanagement": {
        "api": {
          "name": "shared_flowmanagement"
        },
        "connection": {
          "connectionReferenceLogicalName": "sample_sharedflowmanagement_ed298"
        },
        "runtimeSource": "invoker"
      }
    },
    "definition": {
      "$schema": "https://schema.management.azure.com/providers/Microsoft.Logic/schemas/2016-06-01/workflowdefinition.json#",
      "contentVersion": "1.0.0.0",
      "parameters": {
        "$authentication": {
          "defaultValue": {},
          "type": "SecureObject"
        },
        "$connections": {
          "defaultValue": {},
          "type": "Object"
        }
      },
      "triggers": {
        "manual": {
          "type": "Request",
          "kind": "Button",
          "inputs": {
            "schema": {
              "type": "object",
              "properties": {},
              "required": []
            }
          },
          "metadata": {
            "operationMetadataId": "dcd903c5-04d1-4991-a487-2669e20a6292"
          }
        }
      },
      "actions": {
        "Others_Flows": {
          "type": "Scope",
          "actions": {
            "List_rows": {
              "type": "OpenApiConnection",
              "inputs": {
                "parameters": {
                  "entityName": "workflows",
                  "$filter": "resourceid eq '@{outputs('ResourceId')}'"
                },
                "host": {
                  "apiId": "/providers/Microsoft.PowerApps/apis/shared_commondataserviceforapps",
                  "operationId": "ListRecords",
                  "connectionName": "shared_commondataserviceforapps_3"
                }
              },
              "metadata": {
                "operationMetadataId": "9ad70609-5da6-4900-b77b-fc8b1ed57f55"
              }
            },
            "Get_a_row_by_ID": {
              "type": "OpenApiConnection",
              "inputs": {
                "parameters": {
                  "entityName": "workflows",
                  "recordId": "@outputs('List_rows')?['body/value'][0]?['workflowid']"
                },
                "host": {
                  "apiId": "/providers/Microsoft.PowerApps/apis/shared_commondataserviceforapps",
                  "operationId": "GetItem",
                  "connectionName": "shared_commondataserviceforapps_3"
                }
              },
              "runAfter": {
                "List_rows": [
                  "Succeeded"
                ]
              },
              "metadata": {
                "operationMetadataId": "bccfb3ea-e703-468d-a216-0b978ef670d9"
              }
            },
            "Files": {
              "type": "OpenApiConnection",
              "inputs": {
                "parameters": {
                  "body/configs/naming/oNamingTemplate/sReference": "Test Name",
                  "body/configs/naming/oNamingTemplate/char": 1,
                  "body/configs/naming/oNamingTemplate/data": [
                    {
                      "Type": "boolean",
                      "Letter": "b"
                    },
                    {
                      "Type": "string",
                      "Letter": "s"
                    },
                    {
                      "Type": "integer",
                      "Letter": "i"
                    },
                    {
                      "Type": "float",
                      "Letter": "f"
                    },
                    {
                      "Type": "object",
                      "Letter": "o"
                    },
                    {
                      "Type": "array",
                      "Letter": "a"
                    }
                  ],
                  "body/configs/complexity/sReference": "Test Ref",
                  "body/configs/complexity/aComplexityTemplate": [
                    {
                      "Name": "GetItemsshared_sharepointonline",
                      "Complexity": 1
                    },
                    {
                      "Name": "CopyFileAsyncshared_sharepointonline",
                      "Complexity": 1
                    },
                    {
                      "Name": "GetFileContentshared_sharepointonline",
                      "Complexity": 1
                    },
                    {
                      "Name": "GetFileContentByPathshared_sharepointonline",
                      "Complexity": 1
                    },
                    {
                      "Name": "HttpRequestshared_sharepointonline",
                      "Complexity": 5
                    },
                    {
                      "Name": "DeleteFileshared_sharepointonline",
                      "Complexity": 1
                    },
                    {
                      "Name": "ConvertFileshared_onedriveforbusiness",
                      "Complexity": 2
                    },
                    {
                      "Name": "ConvertFileByPathshared_onedriveforbusiness",
                      "Complexity": 1
                    },
                    {
                      "Name": "CopyDriveFileshared_onedriveforbusiness",
                      "Complexity": 1
                    },
                    {
                      "Name": "CopyDriveFileByPathshared_onedriveforbusiness",
                      "Complexity": 1
                    },
                    {
                      "Name": "ListFolderV2shared_onedriveforbusiness",
                      "Complexity": 1
                    },
                    {
                      "Name": "ListRootFoldershared_onedriveforbusiness",
                      "Complexity": 1
                    },
                    {
                      "Name": "DeleteFileshared_onedriveforbusiness",
                      "Complexity": 1
                    },
                    {
                      "Name": "GetItemsshared_excelonlinebusiness",
                      "Complexity": 1
                    },
                    {
                      "Name": "PatchItemshared_excelonlinebusiness",
                      "Complexity": 1
                    },
                    {
                      "Name": "RunScriptProdshared_excelonlinebusiness",
                      "Complexity": 5
                    },
                    {
                      "Name": "ListGroupMembersshared_office365groups",
                      "Complexity": 1
                    },
                    {
                      "Name": "SharedMailboxSendEmailV2shared_office365",
                      "Complexity": 1
                    },
                    {
                      "Name": "StartAndWaitForAnApprovalshared_approvals",
                      "Complexity": 2
                    },
                    {
                      "Name": "ApiConnection",
                      "Complexity": 2
                    },
                    {
                      "Name": "ApiConnectionWebhook",
                      "Complexity": 2
                    },
                    {
                      "Name": "ApiManagement",
                      "Complexity": 2
                    },
                    {
                      "Name": "AppendToArrayVariable",
                      "Complexity": 2
                    },
                    {
                      "Name": "AppendToStringVariable",
                      "Complexity": 2
                    },
                    {
                      "Name": "Batch",
                      "Complexity": 5
                    },
                    {
                      "Name": "Compose",
                      "Complexity": 2
                    },
                    {
                      "Name": "DecrementVariable",
                      "Complexity": 2
                    },
                    {
                      "Name": "Expression",
                      "Complexity": 2
                    },
                    {
                      "Name": "FlatFileDecoding",
                      "Complexity": 5
                    },
                    {
                      "Name": "FlatFileEncoding",
                      "Complexity": 5
                    },
                    {
                      "Name": "Foreach",
                      "Complexity": 4
                    },
                    {
                      "Name": "Function",
                      "Complexity": 5
                    },
                    {
                      "Name": "Http",
                      "Complexity": 5
                    },
                    {
                      "Name": "HttpWebhook",
                      "Complexity": 5
                    },
                    {
                      "Name": "If",
                      "Complexity": 3
                    },
                    {
                      "Name": "IncrementVariable",
                      "Complexity": 2
                    },
                    {
                      "Name": "InitializeVariable",
                      "Complexity": 1
                    },
                    {
                      "Name": "IntegrationAccountArtifactLookup",
                      "Complexity": 5
                    },
                    {
                      "Name": "Join",
                      "Complexity": 3
                    },
                    {
                      "Name": "Liquid",
                      "Complexity": 5
                    },
                    {
                      "Name": "ParseJson",
                      "Complexity": 3
                    },
                    {
                      "Name": "Query",
                      "Complexity": 3
                    },
                    {
                      "Name": "Recurrence",
                      "Complexity": 5
                    },
                    {
                      "Name": "Request",
                      "Complexity": 1
                    },
                    {
                      "Name": "Response",
                      "Complexity": 1
                    },
                    {
                      "Name": "Scope",
                      "Complexity": -1
                    },
                    {
                      "Name": "Select",
                      "Complexity": 3
                    },
                    {
                      "Name": "SendToBatch",
                      "Complexity": 5
                    },
                    {
                      "Name": "SetVariable",
                      "Complexity": 2
                    },
                    {
                      "Name": "SlidingWindow",
                      "Complexity": 5
                    },
                    {
                      "Name": "Switch",
                      "Complexity": 4
                    },
                    {
                      "Name": "Table",
                      "Complexity": 2
                    },
                    {
                      "Name": "Terminate",
                      "Complexity": -1
                    },
                    {
                      "Name": "Until",
                      "Complexity": 4
                    },
                    {
                      "Name": "Wait",
                      "Complexity": 1
                    },
                    {
                      "Name": "Workflow",
                      "Complexity": 5
                    },
                    {
                      "Name": "XmlValidation",
                      "Complexity": 3
                    },
                    {
                      "Name": "Xslt",
                      "Complexity": 3
                    },
                    {
                      "Name": "OpenApiConnection",
                      "Complexity": 1
                    },
                    {
                      "Name": "Ai connection",
                      "Complexity": 5
                    },
                    {
                      "Name": "loop till",
                      "Complexity": 4
                    },
                    {
                      "Name": "OpenApiConnectionWebhook",
                      "Complexity": 2
                    },
                    {
                      "Name": "Do_until",
                      "Complexity": 4
                    }
                  ],
                  "body/configs/ratings/sReference": "Test Ratings",
                  "body/configs/ratings/oRatingsTemplate/complexityAm": 200,
                  "body/configs/ratings/oRatingsTemplate/complexityRe": 250,
                  "body/configs/ratings/oRatingsTemplate/actionsAm": 70,
                  "body/configs/ratings/oRatingsTemplate/actionsRe": 100,
                  "body/configs/ratings/oRatingsTemplate/variablesAm": 10,
                  "body/configs/ratings/oRatingsTemplate/variablesRe": 20,
                  "body/configs/ratings/oRatingsTemplate/exceptionsAm": 5,
                  "body/configs/ratings/oRatingsTemplate/exceptionsRe": 0,
                  "body/configs/scoring/sReference": "Test Score",
                  "body/configs/scoring/aScoringTemplate": [
                    {
                      "Name": "exceptionScope",
                      "Score": 10,
                      "Note": "score added for exception scope"
                    },
                    {
                      "Name": "mainScope",
                      "Score": 10,
                      "Note": "score added for main scope"
                    },
                    {
                      "Name": "varNaming",
                      "Score": 10,
                      "Note": "score added for following variable naming convention (see aRatingsTemplate)"
                    },
                    {
                      "Name": "varUsed",
                      "Score": 5,
                      "Note": "score added for if all variables used"
                    },
                    {
                      "Name": "varConstant",
                      "Score": 5,
                      "Note": "score added for naming variables with value in all capitals"
                    },
                    {
                      "Name": "variables",
                      "Score": 10,
                      "Note": "score given for variables before deductions"
                    },
                    {
                      "Name": "variablesMin",
                      "Score": 0,
                      "Note": "minimum allowed variables before deductions"
                    },
                    {
                      "Name": "variablesDeduction",
                      "Score": 1,
                      "Note": "score added for exception scope"
                    },
                    {
                      "Name": "composes",
                      "Score": 10,
                      "Note": "score given for composes before deductions"
                    },
                    {
                      "Name": "composesMin",
                      "Score": 0,
                      "Note": "minimum allowed composes before deductions"
                    },
                    {
                      "Name": "composesDeduction",
                      "Score": 5,
                      "Note": "score deducted for every compose used"
                    },
                    {
                      "Name": "connections",
                      "Score": 10,
                      "Note": "score given for connections before deductions"
                    },
                    {
                      "Name": "connectionsMin",
                      "Score": 3,
                      "Note": "minimum allowed connections before deductions"
                    },
                    {
                      "Name": "connectionsDeduction",
                      "Score": 2,
                      "Note": "score deducted for every connections used"
                    },
                    {
                      "Name": "complexityRed",
                      "Score": 0,
                      "Note": "score added for red scoring complexity"
                    },
                    {
                      "Name": "complexityAmber",
                      "Score": 15,
                      "Note": "score added for amber scoring complexity"
                    },
                    {
                      "Name": "complexityGreen",
                      "Score": 20,
                      "Note": "score added green scoring complexity"
                    },
                    {
                      "Name": "actionsRed",
                      "Score": 0,
                      "Note": "score added for red scoring actions"
                    },
                    {
                      "Name": "actionsAmber",
                      "Score": 5,
                      "Note": "score added for amber scoring actions"
                    },
                    {
                      "Name": "actionsGreen",
                      "Score": 10,
                      "Note": "score added green scoring actions"
                    }
                  ],
                  "body/properties/displayName": "@outputs('Get_a_row_by_ID')?['body/name']",
                  "body/properties/name": "@outputs('Get_a_row_by_ID')?['body/resourceid']",
                  "body/properties/owner": "@outputs('Get_a_row_by_ID')?['body/_createdby_value']",
                  "body/properties/environment": "@workflow()['tags']['environmentName']",
                  "body/properties/definitionString": "@outputs('Get_a_row_by_ID')?['body/clientdata']"
                },
                "host": {
                  "apiId": "/providers/Microsoft.PowerApps/apis/shared_autoreview",
                  "operationId": "File",
                  "connectionName": "shared_autoreview"
                }
              },
              "runAfter": {
                "Get_a_row_by_ID": [
                  "Succeeded"
                ]
              },
              "metadata": {
                "operationMetadataId": "63ea6e4e-7e7c-4dd0-8823-6cc1797efb34"
              }
            }
          },
          "runAfter": {
            "Information": [
              "Succeeded"
            ]
          },
          "metadata": {
            "operationMetadataId": "97b7d7b1-d322-42bb-9154-81daa7d7cf74"
          }
        },
        "My_Flow": {
          "type": "Scope",
          "actions": {
            "Get_Flow": {
              "type": "OpenApiConnection",
              "inputs": {
                "parameters": {
                  "environmentName": "@workflow()['tags']['environmentName']",
                  "flowName": "@outputs('ResourceId')"
                },
                "host": {
                  "apiId": "/providers/Microsoft.PowerApps/apis/shared_flowmanagement",
                  "operationId": "GetFlow",
                  "connectionName": "shared_flowmanagement"
                }
              },
              "metadata": {
                "operationMetadataId": "93df77f1-2dda-48ef-8682-b65a64a96803"
              }
            },
            "JSON": {
              "type": "OpenApiConnection",
              "inputs": {
                "parameters": {
                  "body/properties/displayName": "@outputs('Get_Flow')?['body/properties/displayName']",
                  "body/properties/name": "@outputs('Get_Flow')?['body/name']",
                  "body/properties/owner": "David Wyatt",
                  "body/properties/environment": "@workflow()['tags']['environmentName']",
                  "body/properties/definitionString": "@outputs('Get_Flow')?['body/properties/definition']"
                },
                "host": {
                  "apiId": "/providers/Microsoft.PowerApps/apis/shared_autoreview",
                  "operationId": "Json",
                  "connectionName": "shared_autoreview"
                }
              },
              "runAfter": {
                "Get_Flow": [
                  "Succeeded"
                ]
              },
              "metadata": {
                "operationMetadataId": "6b024e94-bab3-4bfd-aa4c-ef7602f06239"
              }
            }
          },
          "runAfter": {
            "Information": [
              "Succeeded"
            ]
          },
          "metadata": {
            "operationMetadataId": "79308aad-a39a-4672-9145-b7c9674310f2"
          }
        },
        "Information": {
          "type": "OpenApiConnection",
          "inputs": {
            "host": {
              "apiId": "/providers/Microsoft.PowerApps/apis/shared_autoreview",
              "operationId": "Info",
              "connectionName": "shared_autoreview"
            }
          },
          "runAfter": {
            "ResourceId": [
              "Succeeded"
            ]
          },
          "metadata": {
            "operationMetadataId": "2b7e0d37-8f65-4457-8358-2cb0db44d198"
          }
        },
        "ResourceId": {
          "type": "Compose",
          "inputs": "5a917ca3-20b4-4134-b90a-82600c08ed0f",
          "runAfter": {},
          "metadata": {
            "operationMetadataId": "4c2f9e05-861e-4ebc-90dc-071f53aca249"
          }
        }
      }
    },
    "templateName": null
  },
  "schemaVersion": "1.0.0.0"
}