{
  "properties": {
    "connectionReferences": {
      "shared_commondataserviceforapps_3": {
        "runtimeSource": "embedded",
        "connection": {
          "connectionReferenceLogicalName": "wd_Dataverse"
        },
        "api": {
          "name": "shared_commondataserviceforapps"
        }
      },
      "shared_autoreview": {
        "runtimeSource": "invoker",
        "connection": {
          "connectionReferenceLogicalName": "wd_sharedautoreview_5b195"
        },
        "api": {
          "name": "shared_autoreview"
        }
      },
      "shared_flowmanagement-1": {
        "runtimeSource": "invoker",
        "connection": {
          "connectionReferenceLogicalName": "wd_sharedflowmanagement_c72bd"
        },
        "api": {
          "name": "shared_flowmanagement"
        }
      }
    },
    "definition": {
      "$schema": "https://schema.management.azure.com/providers/Microsoft.Logic/schemas/2016-06-01/workflowdefinition.json#",
      "contentVersion": "1.0.0.0",
      "parameters": {
        "$connections": {
          "defaultValue": {},
          "type": "Object"
        },
        "$authentication": {
          "defaultValue": {},
          "type": "SecureObject"
        }
      },
      "triggers": {
        "manual": {
          "metadata": {
            "operationMetadataId": "dcd903c5-04d1-4991-a487-2669e20a6292"
          },
          "type": "Request",
          "kind": "Button",
          "inputs": {
            "schema": {
              "type": "object",
              "properties": {},
              "required": []
            }
          }
        }
      },
      "actions": {
        "Others_Flows": {
          "actions": {
            "List_rows": {
              "runAfter": {},
              "metadata": {
                "operationMetadataId": "9ad70609-5da6-4900-b77b-fc8b1ed57f55"
              },
              "type": "OpenApiConnection",
              "inputs": {
                "host": {
                  "connectionName": "shared_commondataserviceforapps_3",
                  "operationId": "ListRecords",
                  "apiId": "/providers/Microsoft.PowerApps/apis/shared_commondataserviceforapps"
                },
                "parameters": {
                  "entityName": "workflows",
                  "$filter": "resourceid eq '@{outputs('ResourceId')}'"
                },
                "authentication": {
                  "type": "Raw",
                  "value": "@json(decodeBase64(triggerOutputs().headers['X-MS-APIM-Tokens']))['$ConnectionKey']"
                }
              }
            },
            "Get_a_row_by_ID": {
              "runAfter": {
                "List_rows": [
                  "Succeeded"
                ]
              },
              "metadata": {
                "operationMetadataId": "bccfb3ea-e703-468d-a216-0b978ef670d9"
              },
              "type": "OpenApiConnection",
              "inputs": {
                "host": {
                  "connectionName": "shared_commondataserviceforapps_3",
                  "operationId": "GetItem",
                  "apiId": "/providers/Microsoft.PowerApps/apis/shared_commondataserviceforapps"
                },
                "parameters": {
                  "entityName": "workflows",
                  "recordId": "@outputs('List_rows')?['body/value'][0]?['workflowid']"
                },
                "authentication": {
                  "type": "Raw",
                  "value": "@json(decodeBase64(triggerOutputs().headers['X-MS-APIM-Tokens']))['$ConnectionKey']"
                }
              }
            },
            "JSON_(V2)": {
              "runAfter": {
                "Get_a_row_by_ID": [
                  "Succeeded"
                ]
              },
              "metadata": {
                "operationMetadataId": "a0e82c04-9991-45a3-984e-dd22e5f6d59a"
              },
              "type": "OpenApiConnection",
              "inputs": {
                "host": {
                  "connectionName": "shared_autoreview",
                  "operationId": "POST-json",
                  "apiId": "/providers/Microsoft.PowerApps/apis/shared_autoreview"
                },
                "parameters": {
                  "body/properties/displayName": "@outputs('Get_a_row_by_ID')?['body/name']",
                  "body/properties/name": "@outputs('Get_a_row_by_ID')?['body/resourceid']",
                  "body/properties/owner": "@outputs('Get_a_row_by_ID')?['body/_createdby_value']",
                  "body/properties/environment": "@workflow()['tags']['environmentName']",
                  "body/properties/definition": "@json(outputs('Get_a_row_by_ID')?['body/clientdata'])"
                },
                "authentication": {
                  "type": "Raw",
                  "value": "@json(decodeBase64(triggerOutputs().headers['X-MS-APIM-Tokens']))['$ConnectionKey']"
                }
              }
            },
            "AutoReview_HTTP_diagram_V2": {
              "runAfter": {
                "Get_a_row_by_ID": [
                  "Succeeded"
                ]
              },
              "metadata": {
                "operationMetadataId": "7122c525-90a1-420f-ad18-8f2b2ea43bd4"
              },
              "type": "OpenApiConnection",
              "inputs": {
                "host": {
                  "connectionName": "shared_autoreview",
                  "operationId": "POST-http",
                  "apiId": "/providers/Microsoft.PowerApps/apis/shared_autoreview"
                },
                "parameters": {
                  "path": "v2/autoreview/diagram",
                  "body/configs": {},
                  "body/properties": {
                    "displayName": "@{outputs('Get_a_row_by_ID')?['body/name']}",
                    "owner": "@{outputs('Get_a_row_by_ID')?['body/_createdby_value']}",
                    "name": "@{outputs('Get_a_row_by_ID')?['body/resourceid']}",
                    "environment": "@{workflow()['tags']['environmentName']}",
                    "definition": "@json(outputs('Get_a_row_by_ID')?['body/clientdata'])"
                  }
                },
                "authentication": {
                  "type": "Raw",
                  "value": "@json(decodeBase64(triggerOutputs().headers['X-MS-APIM-Tokens']))['$ConnectionKey']"
                }
              }
            },
            "Files_(V2)_Review": {
              "runAfter": {
                "JSON_(V2)": [
                  "Succeeded"
                ]
              },
              "metadata": {
                "operationMetadataId": "9e205b49-f651-4089-a06c-4372fa7ea19c"
              },
              "type": "OpenApiConnection",
              "inputs": {
                "host": {
                  "connectionName": "shared_autoreview",
                  "operationId": "POST-file-V2",
                  "apiId": "/providers/Microsoft.PowerApps/apis/shared_autoreview"
                },
                "parameters": {
                  "body/properties/displayName": "@outputs('Get_a_row_by_ID')?['body/name']",
                  "body/properties/name": "@outputs('Get_a_row_by_ID')?['body/resourceid']",
                  "body/properties/owner": "@outputs('Get_a_row_by_ID')?['body/_createdby_value']",
                  "body/properties/environment": "@workflow()['tags']['environmentName']",
                  "body/properties/definition": "@json(outputs('Get_a_row_by_ID')?['body/clientdata'])",
                  "body/configs/type": "review"
                },
                "authentication": {
                  "type": "Raw",
                  "value": "@json(decodeBase64(triggerOutputs().headers['X-MS-APIM-Tokens']))['$ConnectionKey']"
                }
              }
            },
            "Files_(V2)_Report": {
              "runAfter": {
                "Files_(V2)_Review": [
                  "Succeeded"
                ]
              },
              "metadata": {
                "operationMetadataId": "356fd4cb-5afa-431b-950e-ef9667408d33"
              },
              "type": "OpenApiConnection",
              "inputs": {
                "host": {
                  "connectionName": "shared_autoreview",
                  "operationId": "POST-file-V2",
                  "apiId": "/providers/Microsoft.PowerApps/apis/shared_autoreview"
                },
                "parameters": {
                  "body/properties/displayName": "@outputs('Get_a_row_by_ID')?['body/name']",
                  "body/properties/name": "@outputs('Get_a_row_by_ID')?['body/resourceid']",
                  "body/properties/owner": "@outputs('Get_a_row_by_ID')?['body/_createdby_value']",
                  "body/properties/environment": "@workflow()['tags']['environmentName']",
                  "body/properties/definition": "@json(outputs('Get_a_row_by_ID')?['body/clientdata'])",
                  "body/configs/type": "report"
                },
                "authentication": {
                  "type": "Raw",
                  "value": "@json(decodeBase64(triggerOutputs().headers['X-MS-APIM-Tokens']))['$ConnectionKey']"
                }
              }
            },
            "Files_(V2)_Diagram": {
              "runAfter": {
                "Diagram_(V2)": [
                  "Succeeded"
                ]
              },
              "metadata": {
                "operationMetadataId": "5ed4f687-411f-4405-af59-6374dd6498fa"
              },
              "type": "OpenApiConnection",
              "inputs": {
                "host": {
                  "connectionName": "shared_autoreview",
                  "operationId": "POST-file-V2",
                  "apiId": "/providers/Microsoft.PowerApps/apis/shared_autoreview"
                },
                "parameters": {
                  "body/properties/displayName": "@outputs('Get_a_row_by_ID')?['body/name']",
                  "body/properties/name": "@outputs('Get_a_row_by_ID')?['body/resourceid']",
                  "body/properties/owner": "@outputs('Get_a_row_by_ID')?['body/_createdby_value']",
                  "body/properties/environment": "@workflow()['tags']['environmentName']",
                  "body/properties/definition": "@json(outputs('Get_a_row_by_ID')?['body/clientdata'])",
                  "body/configs/type": "diagram"
                },
                "authentication": {
                  "type": "Raw",
                  "value": "@json(decodeBase64(triggerOutputs().headers['X-MS-APIM-Tokens']))['$ConnectionKey']"
                }
              }
            },
            "Diagram_(V2)": {
              "runAfter": {
                "AutoReview_HTTP_diagram_V2": [
                  "Succeeded"
                ]
              },
              "metadata": {
                "operationMetadataId": "c433e7ff-b2d8-4908-a9f1-3983adaa8dce"
              },
              "type": "OpenApiConnection",
              "inputs": {
                "host": {
                  "connectionName": "shared_autoreview",
                  "operationId": "POST-diagram",
                  "apiId": "/providers/Microsoft.PowerApps/apis/shared_autoreview"
                },
                "parameters": {
                  "body/properties/displayName": "@outputs('Get_a_row_by_ID')?['body/name']",
                  "body/properties/name": "@outputs('Get_a_row_by_ID')?['body/resourceid']",
                  "body/properties/owner": "@outputs('Get_a_row_by_ID')?['body/_createdby_value']",
                  "body/properties/environment": "@workflow()['tags']['environmentName']",
                  "body/properties/definition": "@json(outputs('Get_a_row_by_ID')?['body/clientdata'])"
                },
                "authentication": {
                  "type": "Raw",
                  "value": "@json(decodeBase64(triggerOutputs().headers['X-MS-APIM-Tokens']))['$ConnectionKey']"
                }
              }
            },
            "Files_(V2)_Exception": {
              "runAfter": {
                "Files_(V2)_Report": [
                  "Succeeded"
                ]
              },
              "metadata": {
                "operationMetadataId": "b4ed89b0-c096-491b-86a6-fbb3a17b8dd4"
              },
              "type": "OpenApiConnection",
              "inputs": {
                "host": {
                  "connectionName": "shared_autoreview",
                  "operationId": "POST-file-V2",
                  "apiId": "/providers/Microsoft.PowerApps/apis/shared_autoreview"
                },
                "parameters": {
                  "body/properties/displayName": "@outputs('Get_a_row_by_ID')?['body/name']",
                  "body/properties/name": "@outputs('Get_a_row_by_ID')?['body/resourceid']",
                  "body/properties/owner": "@outputs('Get_a_row_by_ID')?['body/_createdby_value']",
                  "body/properties/environment": "@workflow()['tags']['environmentName']",
                  "body/properties/definition": "@json(outputs('Get_a_row_by_ID')?['body/clientdata'])",
                  "body/configs/type": "exception"
                },
                "authentication": {
                  "type": "Raw",
                  "value": "@json(decodeBase64(triggerOutputs().headers['X-MS-APIM-Tokens']))['$ConnectionKey']"
                }
              }
            },
            "Files_(V2)_Review_All_Configs": {
              "runAfter": {
                "Files_(V2)_Review_Part_Configs": [
                  "Succeeded"
                ]
              },
              "metadata": {
                "operationMetadataId": "b06ab3bb-fa29-4192-bd9d-6735277b57a5"
              },
              "type": "OpenApiConnection",
              "inputs": {
                "host": {
                  "connectionName": "shared_autoreview",
                  "operationId": "POST-file-V2",
                  "apiId": "/providers/Microsoft.PowerApps/apis/shared_autoreview"
                },
                "parameters": {
                  "body/properties/displayName": "@outputs('Get_a_row_by_ID')?['body/name']",
                  "body/properties/name": "@outputs('Get_a_row_by_ID')?['body/resourceid']",
                  "body/properties/owner": "@outputs('Get_a_row_by_ID')?['body/_createdby_value']",
                  "body/properties/environment": "@workflow()['tags']['environmentName']",
                  "body/properties/definition": "@json(outputs('Get_a_row_by_ID')?['body/clientdata'])",
                  "body/configs/type": "review",
                  "body/configs/naming": {
                    "char": 1,
                    "data": [
                      {
                        "Type": "boolean",
                        "Letter": "b"
                      },
                      {
                        "Type": "string",
                        "Letter": "s"
                      },
                      {
                        "Type": "integer",
                        "Letter": "i"
                      },
                      {
                        "Type": "float",
                        "Letter": "f"
                      },
                      {
                        "Type": "object",
                        "Letter": "o"
                      },
                      {
                        "Type": "array",
                        "Letter": "a"
                      }
                    ]
                  },
                  "body/configs/complexity": [
                    {
                      "Name": "GetItemsshared_sharepointonline",
                      "Complexity": 1
                    },
                    {
                      "Name": "CopyFileAsyncshared_sharepointonline",
                      "Complexity": 1
                    },
                    {
                      "Name": "GetFileContentshared_sharepointonline",
                      "Complexity": 1
                    },
                    {
                      "Name": "GetFileContentByPathshared_sharepointonline",
                      "Complexity": 1
                    },
                    {
                      "Name": "HttpRequestshared_sharepointonline",
                      "Complexity": 5
                    },
                    {
                      "Name": "DeleteFileshared_sharepointonline",
                      "Complexity": 1
                    },
                    {
                      "Name": "ConvertFileshared_onedriveforbusiness",
                      "Complexity": 2
                    },
                    {
                      "Name": "ConvertFileByPathshared_onedriveforbusiness",
                      "Complexity": 1
                    },
                    {
                      "Name": "CopyDriveFileshared_onedriveforbusiness",
                      "Complexity": 1
                    },
                    {
                      "Name": "CopyDriveFileByPathshared_onedriveforbusiness",
                      "Complexity": 1
                    },
                    {
                      "Name": "ListFolderV2shared_onedriveforbusiness",
                      "Complexity": 1
                    },
                    {
                      "Name": "ListRootFoldershared_onedriveforbusiness",
                      "Complexity": 1
                    },
                    {
                      "Name": "DeleteFileshared_onedriveforbusiness",
                      "Complexity": 1
                    },
                    {
                      "Name": "GetItemsshared_excelonlinebusiness",
                      "Complexity": 1
                    },
                    {
                      "Name": "PatchItemshared_excelonlinebusiness",
                      "Complexity": 1
                    },
                    {
                      "Name": "RunScriptProdshared_excelonlinebusiness",
                      "Complexity": 5
                    },
                    {
                      "Name": "ListGroupMembersshared_office365groups",
                      "Complexity": 1
                    },
                    {
                      "Name": "SharedMailboxSendEmailV2shared_office365",
                      "Complexity": 1
                    },
                    {
                      "Name": "StartAndWaitForAnApprovalshared_approvals",
                      "Complexity": 2
                    },
                    {
                      "Name": "ApiConnection",
                      "Complexity": 2
                    },
                    {
                      "Name": "ApiConnectionWebhook",
                      "Complexity": 2
                    },
                    {
                      "Name": "ApiManagement",
                      "Complexity": 2
                    },
                    {
                      "Name": "AppendToArrayVariable",
                      "Complexity": 2
                    },
                    {
                      "Name": "AppendToStringVariable",
                      "Complexity": 2
                    },
                    {
                      "Name": "Batch",
                      "Complexity": 5
                    },
                    {
                      "Name": "Compose",
                      "Complexity": 2
                    },
                    {
                      "Name": "DecrementVariable",
                      "Complexity": 2
                    },
                    {
                      "Name": "Expression",
                      "Complexity": 2
                    },
                    {
                      "Name": "FlatFileDecoding",
                      "Complexity": 5
                    },
                    {
                      "Name": "FlatFileEncoding",
                      "Complexity": 5
                    },
                    {
                      "Name": "Foreach",
                      "Complexity": 4
                    },
                    {
                      "Name": "Function",
                      "Complexity": 5
                    },
                    {
                      "Name": "Http",
                      "Complexity": 5
                    },
                    {
                      "Name": "HttpWebhook",
                      "Complexity": 5
                    },
                    {
                      "Name": "If",
                      "Complexity": 3
                    },
                    {
                      "Name": "IncrementVariable",
                      "Complexity": 2
                    },
                    {
                      "Name": "InitializeVariable",
                      "Complexity": 1
                    },
                    {
                      "Name": "IntegrationAccountArtifactLookup",
                      "Complexity": 5
                    },
                    {
                      "Name": "Join",
                      "Complexity": 3
                    },
                    {
                      "Name": "Liquid",
                      "Complexity": 5
                    },
                    {
                      "Name": "ParseJson",
                      "Complexity": 3
                    },
                    {
                      "Name": "Query",
                      "Complexity": 3
                    },
                    {
                      "Name": "Recurrence",
                      "Complexity": 5
                    },
                    {
                      "Name": "Request",
                      "Complexity": 1
                    },
                    {
                      "Name": "Response",
                      "Complexity": 1
                    },
                    {
                      "Name": "Scope",
                      "Complexity": -1
                    },
                    {
                      "Name": "Select",
                      "Complexity": 3
                    },
                    {
                      "Name": "SendToBatch",
                      "Complexity": 5
                    },
                    {
                      "Name": "SetVariable",
                      "Complexity": 2
                    },
                    {
                      "Name": "SlidingWindow",
                      "Complexity": 5
                    },
                    {
                      "Name": "Switch",
                      "Complexity": 4
                    },
                    {
                      "Name": "Table",
                      "Complexity": 2
                    },
                    {
                      "Name": "Terminate",
                      "Complexity": -1
                    },
                    {
                      "Name": "Until",
                      "Complexity": 4
                    },
                    {
                      "Name": "Wait",
                      "Complexity": 1
                    },
                    {
                      "Name": "Workflow",
                      "Complexity": 5
                    },
                    {
                      "Name": "XmlValidation",
                      "Complexity": 3
                    },
                    {
                      "Name": "Xslt",
                      "Complexity": 3
                    },
                    {
                      "Name": "OpenApiConnection",
                      "Complexity": 1
                    },
                    {
                      "Name": "Ai connection",
                      "Complexity": 5
                    },
                    {
                      "Name": "loop till",
                      "Complexity": 4
                    },
                    {
                      "Name": "OpenApiConnectionWebhook",
                      "Complexity": 2
                    },
                    {
                      "Name": "Do_until",
                      "Complexity": 4
                    }
                  ],
                  "body/configs/ratings": {
                    "complexityAm": 50,
                    "complexityRe": 100,
                    "actionsAm": 30,
                    "actionsRe": 50,
                    "variablesAm": 3,
                    "variablesRe": 5,
                    "exceptionsAm": 1,
                    "exceptionsRe": 0
                  },
                  "body/configs/scoring": [
                    {
                      "Name": "exceptionScope",
                      "Score": 10,
                      "Note": "score added for exception scope"
                    },
                    {
                      "Name": "mainScope",
                      "Score": 10,
                      "Note": "score added for main scope"
                    },
                    {
                      "Name": "varNaming",
                      "Score": 10,
                      "Note": "score added for following variable naming convention (see aRatingsTemplate)"
                    },
                    {
                      "Name": "varUsed",
                      "Score": 5,
                      "Note": "score added for if all variables used"
                    },
                    {
                      "Name": "varConstant",
                      "Score": 5,
                      "Note": "score added for naming variables with value in all capitals"
                    },
                    {
                      "Name": "variables",
                      "Score": 10,
                      "Note": "score given for variables before deductions"
                    },
                    {
                      "Name": "variablesMin",
                      "Score": 0,
                      "Note": "minimum allowed variables before deductions"
                    },
                    {
                      "Name": "variablesDeduction",
                      "Score": 1,
                      "Note": "score added for exception scope"
                    },
                    {
                      "Name": "composes",
                      "Score": 10,
                      "Note": "score given for composes before deductions"
                    },
                    {
                      "Name": "composesMin",
                      "Score": 0,
                      "Note": "minimum allowed composes before deductions"
                    },
                    {
                      "Name": "composesDeduction",
                      "Score": 5,
                      "Note": "score deducted for every scope used"
                    },
                    {
                      "Name": "connections",
                      "Score": 10,
                      "Note": "score given for connections before deductions"
                    },
                    {
                      "Name": "connectionsMin",
                      "Score": 3,
                      "Note": "minimum allowed connections before deductions"
                    },
                    {
                      "Name": "connectionsDeduction",
                      "Score": 2,
                      "Note": "score deducted for every connections used"
                    },
                    {
                      "Name": "complexityRed",
                      "Score": 0,
                      "Note": "score added for red scoring complexity"
                    },
                    {
                      "Name": "complexityAmber",
                      "Score": 15,
                      "Note": "score added for amber scoring complexity"
                    },
                    {
                      "Name": "complexityGreen",
                      "Score": 20,
                      "Note": "score added green scoring complexity"
                    },
                    {
                      "Name": "actionsRed",
                      "Score": 0,
                      "Note": "score added for red scoring actions"
                    },
                    {
                      "Name": "actionsAmber",
                      "Score": 5,
                      "Note": "score added for amber scoring actions"
                    },
                    {
                      "Name": "actionsGreen",
                      "Score": 10,
                      "Note": "score added green scoring actions"
                    }
                  ]
                },
                "authentication": {
                  "type": "Raw",
                  "value": "@json(decodeBase64(triggerOutputs().headers['X-MS-APIM-Tokens']))['$ConnectionKey']"
                }
              }
            },
            "Files_(V2)_Review_Part_Configs": {
              "runAfter": {
                "Get_a_row_by_ID": [
                  "Succeeded"
                ]
              },
              "metadata": {
                "operationMetadataId": "b06ab3bb-fa29-4192-bd9d-6735277b57a5"
              },
              "type": "OpenApiConnection",
              "inputs": {
                "host": {
                  "connectionName": "shared_autoreview",
                  "operationId": "POST-file-V2",
                  "apiId": "/providers/Microsoft.PowerApps/apis/shared_autoreview"
                },
                "parameters": {
                  "body/properties/displayName": "@outputs('Get_a_row_by_ID')?['body/name']",
                  "body/properties/name": "@outputs('Get_a_row_by_ID')?['body/resourceid']",
                  "body/properties/owner": "@outputs('Get_a_row_by_ID')?['body/_createdby_value']",
                  "body/properties/environment": "@workflow()['tags']['environmentName']",
                  "body/properties/definition": "@json(outputs('Get_a_row_by_ID')?['body/clientdata'])",
                  "body/configs/type": "review",
                  "body/configs/naming": {
                    "char": 1,
                    "data": [
                      {
                        "Type": "boolean",
                        "Letter": "b"
                      },
                      {
                        "Type": "string",
                        "Letter": "s"
                      },
                      {
                        "Type": "integer",
                        "Letter": "i"
                      },
                      {
                        "Type": "float",
                        "Letter": "f"
                      },
                      {
                        "Type": "object",
                        "Letter": "o"
                      },
                      {
                        "Type": "array",
                        "Letter": "a"
                      }
                    ]
                  }
                },
                "authentication": {
                  "type": "Raw",
                  "value": "@json(decodeBase64(triggerOutputs().headers['X-MS-APIM-Tokens']))['$ConnectionKey']"
                }
              }
            }
          },
          "runAfter": {
            "Info_(V2)": [
              "Succeeded"
            ]
          },
          "metadata": {
            "operationMetadataId": "97b7d7b1-d322-42bb-9154-81daa7d7cf74"
          },
          "type": "Scope"
        },
        "My_Flow": {
          "actions": {
            "Get_Flow": {
              "runAfter": {},
              "metadata": {
                "operationMetadataId": "93df77f1-2dda-48ef-8682-b65a64a96803"
              },
              "type": "OpenApiConnection",
              "inputs": {
                "host": {
                  "connectionName": "shared_flowmanagement-1",
                  "operationId": "GetFlow",
                  "apiId": "/providers/Microsoft.PowerApps/apis/shared_flowmanagement"
                },
                "parameters": {
                  "environmentName": "@workflow()['tags']['environmentName']",
                  "flowName": "@outputs('ResourceId')"
                },
                "authentication": {
                  "type": "Raw",
                  "value": "@json(decodeBase64(triggerOutputs().headers['X-MS-APIM-Tokens']))['$ConnectionKey']"
                }
              }
            },
            "JSON_(V2)_My_Flows": {
              "runAfter": {
                "Get_Flow": [
                  "Succeeded"
                ]
              },
              "metadata": {
                "operationMetadataId": "9c4383d2-079f-4e7b-848f-5564677fb722"
              },
              "type": "OpenApiConnection",
              "inputs": {
                "host": {
                  "connectionName": "shared_autoreview",
                  "operationId": "POST-json",
                  "apiId": "/providers/Microsoft.PowerApps/apis/shared_autoreview"
                },
                "parameters": {
                  "body/properties/displayName": "@outputs('Get_Flow')?['body/properties/displayName']",
                  "body/properties/name": "@outputs('Get_Flow')?['body/name']",
                  "body/properties/owner": "David Wyatt",
                  "body/properties/environment": "@workflow()['tags']['environmentName']",
                  "body/properties/definition": "@outputs('Get_Flow')?['body/properties/definition']"
                },
                "authentication": {
                  "type": "Raw",
                  "value": "@json(decodeBase64(triggerOutputs().headers['X-MS-APIM-Tokens']))['$ConnectionKey']"
                }
              }
            },
            "AutoReview_HTTP_File_V1": {
              "runAfter": {
                "Get_Flow": [
                  "Succeeded"
                ]
              },
              "metadata": {
                "operationMetadataId": "7122c525-90a1-420f-ad18-8f2b2ea43bd4"
              },
              "type": "OpenApiConnection",
              "inputs": {
                "host": {
                  "connectionName": "shared_autoreview",
                  "operationId": "POST-http",
                  "apiId": "/providers/Microsoft.PowerApps/apis/shared_autoreview"
                },
                "parameters": {
                  "path": "v1/autoreview/file",
                  "body/configs": {},
                  "body/properties": {
                    "displayName": "@{outputs('Get_Flow')?['body/properties/displayName']}",
                    "owner": "David Wyatt",
                    "name": "@{outputs('Get_Flow')?['body/name']}",
                    "environment": "@{workflow()['tags']['environmentName']}",
                    "definition": "@outputs('Get_Flow')?['body/properties/definition']"
                  }
                },
                "authentication": {
                  "type": "Raw",
                  "value": "@json(decodeBase64(triggerOutputs().headers['X-MS-APIM-Tokens']))['$ConnectionKey']"
                }
              }
            },
            "Files_(V1)": {
              "runAfter": {
                "JSON_(V2)_My_Flows": [
                  "Succeeded"
                ]
              },
              "metadata": {
                "operationMetadataId": "74ec1668-d48a-4e89-acc0-6bd6c5aa97fd"
              },
              "type": "OpenApiConnection",
              "inputs": {
                "host": {
                  "connectionName": "shared_autoreview",
                  "operationId": "POST-file",
                  "apiId": "/providers/Microsoft.PowerApps/apis/shared_autoreview"
                },
                "parameters": {
                  "body/properties/displayName": "@outputs('Get_Flow')?['body/properties/displayName']",
                  "body/properties/name": "@outputs('Get_Flow')?['body/name']",
                  "body/properties/owner": "David Wyatt",
                  "body/properties/environment": "@workflow()['tags']['environmentName']",
                  "body/properties/definition": "@outputs('Get_Flow')?['body/properties/definition']",
                  "body/configs/type": "review"
                },
                "authentication": {
                  "type": "Raw",
                  "value": "@json(decodeBase64(triggerOutputs().headers['X-MS-APIM-Tokens']))['$ConnectionKey']"
                }
              }
            }
          },
          "runAfter": {
            "Info_(V2)": [
              "Succeeded"
            ]
          },
          "metadata": {
            "operationMetadataId": "79308aad-a39a-4672-9145-b7c9674310f2"
          },
          "type": "Scope"
        },
        "Info_(V2)": {
          "runAfter": {
            "ResourceId": [
              "Succeeded"
            ]
          },
          "metadata": {
            "operationMetadataId": "bb49422d-409f-4043-b547-417455762044"
          },
          "type": "OpenApiConnection",
          "inputs": {
            "host": {
              "connectionName": "shared_autoreview",
              "operationId": "GET-info",
              "apiId": "/providers/Microsoft.PowerApps/apis/shared_autoreview"
            },
            "parameters": {},
            "authentication": {
              "type": "Raw",
              "value": "@json(decodeBase64(triggerOutputs().headers['X-MS-APIM-Tokens']))['$ConnectionKey']"
            }
          }
        },
        "List_My_Flows": {
          "runAfter": {},
          "metadata": {
            "operationMetadataId": "60cbe671-4635-4422-aab8-e1716646f838"
          },
          "type": "OpenApiConnection",
          "inputs": {
            "host": {
              "connectionName": "shared_flowmanagement-1",
              "operationId": "ListMyFlows",
              "apiId": "/providers/Microsoft.PowerApps/apis/shared_flowmanagement"
            },
            "parameters": {
              "environmentName": "@workflow()['tags']['environmentName']"
            },
            "authentication": {
              "type": "Raw",
              "value": "@json(decodeBase64(triggerOutputs().headers['X-MS-APIM-Tokens']))['$ConnectionKey']"
            }
          }
        },
        "ResourceId": {
          "runAfter": {
            "List_My_Flows": [
              "Succeeded"
            ]
          },
          "metadata": {
            "operationMetadataId": "4c2f9e05-861e-4ebc-90dc-071f53aca249"
          },
          "type": "Compose",
          "inputs": "@outputs('List_My_Flows')?['body/value'][0]?['name']"
        }
      }
    },
    "templateName": ""
  },
  "schemaVersion": "1.0.0.0"
}